{
  "CURRENT: q>=65 OR c<80": {
    "accepted": 70,
    "rejected": 30,
    "tp": 33,
    "fp": 37,
    "fn": 1,
    "tn": 29,
    "precision": 0.4714285714285714,
    "recall": 0.9705882352941176,
    "f1": 0.6346153846153846
  },
  "q>=65 (no safety net)": {
    "accepted": 40,
    "rejected": 60,
    "tp": 26,
    "fp": 14,
    "fn": 8,
    "tn": 52,
    "precision": 0.65,
    "recall": 0.7647058823529411,
    "f1": 0.7027027027027027
  },
  "q>=60": {
    "accepted": 68,
    "rejected": 32,
    "tp": 32,
    "fp": 36,
    "fn": 2,
    "tn": 30,
    "precision": 0.47058823529411764,
    "recall": 0.9411764705882353,
    "f1": 0.627450980392157
  },
  "q>=70": {
    "accepted": 15,
    "rejected": 85,
    "tp": 11,
    "fp": 4,
    "fn": 23,
    "tn": 62,
    "precision": 0.7333333333333333,
    "recall": 0.3235294117647059,
    "f1": 0.4489795918367347
  },
  "q>=65 OR (q>=60 AND c<70)": {
    "accepted": 40,
    "rejected": 60,
    "tp": 26,
    "fp": 14,
    "fn": 8,
    "tn": 52,
    "precision": 0.65,
    "recall": 0.7647058823529411,
    "f1": 0.7027027027027027
  },
  "q>=65 OR (q>=60 AND c<75)": {
    "accepted": 41,
    "rejected": 59,
    "tp": 27,
    "fp": 14,
    "fn": 7,
    "tn": 52,
    "precision": 0.6585365853658537,
    "recall": 0.7941176470588235,
    "f1": 0.72
  },
  "q>=65 OR (q>=55 AND c<70)": {
    "accepted": 40,
    "rejected": 60,
    "tp": 26,
    "fp": 14,
    "fn": 8,
    "tn": 52,
    "precision": 0.65,
    "recall": 0.7647058823529411,
    "f1": 0.7027027027027027
  },
  "q>=65 OR (q>=55 AND c<75)": {
    "accepted": 41,
    "rejected": 59,
    "tp": 27,
    "fp": 14,
    "fn": 7,
    "tn": 52,
    "precision": 0.6585365853658537,
    "recall": 0.7941176470588235,
    "f1": 0.72
  },
  "q>=65 OR (q>=50 AND c<70)": {
    "accepted": 40,
    "rejected": 60,
    "tp": 26,
    "fp": 14,
    "fn": 8,
    "tn": 52,
    "precision": 0.65,
    "recall": 0.7647058823529411,
    "f1": 0.7027027027027027
  },
  "q>=68": {
    "accepted": 25,
    "rejected": 75,
    "tp": 19,
    "fp": 6,
    "fn": 15,
    "tn": 60,
    "precision": 0.76,
    "recall": 0.5588235294117647,
    "f1": 0.6440677966101696
  },
  "q>=65 OR (q>=60 AND c<=70)": {
    "accepted": 41,
    "rejected": 59,
    "tp": 27,
    "fp": 14,
    "fn": 7,
    "tn": 52,
    "precision": 0.6585365853658537,
    "recall": 0.7941176470588235,
    "f1": 0.72
  },
  "q>=63": {
    "accepted": 48,
    "rejected": 52,
    "tp": 28,
    "fp": 20,
    "fn": 6,
    "tn": 46,
    "precision": 0.5833333333333334,
    "recall": 0.8235294117647058,
    "f1": 0.6829268292682927
  },
  "q>=63 OR (q>=58 AND c<75)": {
    "accepted": 49,
    "rejected": 51,
    "tp": 29,
    "fp": 20,
    "fn": 5,
    "tn": 46,
    "precision": 0.5918367346938775,
    "recall": 0.8529411764705882,
    "f1": 0.6987951807228915
  }
}